stem,ts_code,meta_sign,n_years,pos_years,neg_years,match_ratio_raw,p_sign_raw,flip_years_raw,sign_seq_raw
Áôł,000300.SH,1.0,11,8,3,0.7272727272727273,0.2265625,"2015,2017,2019",-+-+-++++++
Áôł,000852.SH,1.0,11,8,3,0.7272727272727273,0.2265625,"2015,2019,2021",-+++-+-++++
Áôł,000001.SH,1.0,11,8,3,0.7272727272727273,0.2265625,"2015,2017,2019",-+-+-++++++
Áôł,399001.SZ,1.0,11,8,3,0.7272727272727273,0.2265625,"2015,2017,2019",-+-+-++++++
šłĀ,000300.SH,1.0,11,7,4,0.6363636363636364,0.548828125,"2016,2021,2022,2023",+-++++---++
šłĀ,000852.SH,1.0,11,7,4,0.6363636363636364,0.548828125,"2016,2021,2022,2023",+-++++---++
šłĀ,000001.SH,1.0,11,7,4,0.6363636363636364,0.548828125,"2016,2021,2022,2023",+-++++---++
šłĀ,399001.SZ,1.0,11,7,4,0.6363636363636364,0.548828125,"2016,2021,2022,2023",+-++++---++
