group_col,target,k_groups,t_obs,p_empirical,t_perm_mean,t_perm_p95,t_perm_p99,ts_code,n,n_perm,seed
stem,ret_resid,10,0.0019698790277392648,0.02448775612193903,0.0012147993900515975,0.0018207050040725948,0.0021393842100944716,000300.SH,3916,2000,20260214
stem,ret_resid,10,0.0018835359708833284,0.16841579210394803,0.001498190758484661,0.0022181784052682733,0.002533476634202146,000852.SH,3916,2000,20260214
stem,ret_resid,10,0.001612013744330855,0.06046976511744128,0.0011099722960916875,0.0016485957819294148,0.0019463585978098579,000001.SH,3916,2000,20260214
stem,ret_resid,10,0.0023387241957200174,0.014992503748125937,0.0013811899509406059,0.00208085988222159,0.002390367013115692,399001.SZ,3916,2000,20260214
